1,1,1,There,6.33
1,1,2,are,6.74
1,1,3,now,6.18
1,1,4,rumblings,2.42
1,1,5,that,7.02
1,1,6,Apple,4.69
1,1,7,might,5.65
1,1,8,soon,5.34
1,1,9,invade,3.64
1,1,10,the,7.77
1,1,11,smart,4.74
1,1,12,watch,5.31
1,1,13,"space,",5.23
1,1,14,though,5.51
1,1,15,the,7.77
1,1,16,company,5.53
1,1,17,is,7.06
1,1,18,maintaining,4.24
1,1,19,its,6.21
1,1,20,customary,3.61
1,1,21,silence.,4.47
1,2,1,The,7.77
1,2,2,watch,5.31
1,2,3,doesn't,5.47
1,2,4,have,6.7
1,2,5,a,7.36
1,2,6,microphone,3.74
1,2,7,or,6.54
1,2,8,"speaker,",4.44
1,2,9,but,6.62
1,2,10,you,6.99
1,2,11,can,6.45
1,2,12,use,5.83
1,2,13,it,6.96
1,2,14,to,7.44
1,2,15,control,5.41
1,2,16,the,7.77
1,2,17,music,5.51
1,2,18,on,6.92
1,2,19,your,6.48
1,2,20,phone.,5.26
1,3,1,You,6.99
1,3,2,can,6.45
1,3,3,glance,3.86
1,3,4,at,6.69
1,3,5,the,7.77
1,3,6,watch,5.31
1,3,7,face,5.45
1,3,8,to,7.44
1,3,9,view,5.22
1,3,10,the,7.77
1,3,11,artist,4.75
1,3,12,and,7.41
1,3,13,title,5.06
1,3,14,of,7.45
1,3,15,a,7.36
1,3,16,song.,5.25
2,1,1,Two,6.11
2,1,2,days,5.6
2,1,3,"later,",5.52
2,1,4,the,7.77
2,1,5,British,5.22
2,1,6,astronomer,3.21
2,1,7,Richard,4.77
2,1,8,Carrington,3.1
2,1,9,was,6.84
2,1,10,observing,3.78
2,1,11,the,7.77
2,1,12,interesting,4.94
2,1,13,sunspot,2.45
2,1,14,group,5.6
2,1,15,through,5.89
2,1,16,his,6.52
2,1,17,telescope,3.77
2,1,18,when,6.36
2,1,19,he,6.69
2,1,20,saw,5.36
2,1,21,what,6.38
2,1,22,he,6.69
2,1,23,described,5.03
2,1,24,as,6.79
2,1,25,two,6.11
2,1,26,patches,3.79
2,1,27,of,7.45
2,1,28,intensely,3.49
2,1,29,bright,4.57
2,1,30,and,7.41
2,1,31,white,5.46
2,1,32,light,5.33
2,1,33,over,6.06
2,1,34,the,7.77
2,1,35,sunspots.,2.44
2,2,1,He,6.69
2,2,2,jotted,2.12
2,2,3,a,7.36
2,2,4,note,5.07
2,2,5,in,7.29
2,2,6,his,6.52
2,2,7,painstaking,2.93
2,2,8,record.,5.18
2,3,1,That,7.02
2,3,2,night,5.62
2,3,3,there,6.33
2,3,4,was,6.84
2,3,5,scarcely,3.39
2,3,6,a,7.36
2,3,7,square,4.83
2,3,8,inch,4.4
2,3,9,of,7.45
2,3,10,earth,5.1
2,3,11,that,7.02
2,3,12,was,6.84
2,3,13,not,6.71
2,3,14,illuminated,3.48
2,3,15,by,6.68
2,3,16,aurora.,3.66
3,1,1,I,7.11
3,1,2,agree,4.9
3,1,3,that,7.02
3,1,4,California's,3.28
3,1,5,three,5.8
3,1,6,strikes,4.24
3,1,7,and,7.41
3,1,8,you're,5.86
3,1,9,out,6.36
3,1,10,law,5.51
3,1,11,will,6.45
3,1,12,be,6.8
3,1,13,a,7.36
3,1,14,financial,5.11
3,1,15,disaster,4.38
3,1,16,for,7.01
3,1,17,taxpayers,3.76
3,1,18,who,6.35
3,1,19,care,5.54
3,1,20,about,6.38
3,1,21,education,5.3
3,1,22,and,7.41
3,1,23,other,6.18
3,1,24,vital,4.4
3,1,25,services.,5.24
3,2,1,But,6.62
3,2,2,it's,6.26
3,2,3,far,5.51
3,2,4,from,6.63
3,2,5,clear,5.26
3,2,6,that,7.02
3,2,7,the,7.77
3,2,8,law,5.51
3,2,9,can,6.45
3,2,10,even,5.98
3,2,11,be,6.8
3,2,12,credited,3.81
3,2,13,with,6.85
3,2,14,a,7.36
3,2,15,reduction,4.46
3,2,16,in,7.29
3,2,17,crime,4.93
3,2,18,in,7.29
3,2,19,California.,4.86
3,3,1,While,5.84
3,3,2,it's,6.26
3,3,3,true,5.42
3,3,4,that,7.02
3,3,5,crime,4.93
3,3,6,declined,4.22
3,3,7,in,7.29
3,3,8,California,4.86
3,3,9,last,5.84
3,3,10,"year,",5.92
3,3,11,crime,4.93
3,3,12,also,6.2
3,3,13,dropped,4.71
3,3,14,nationwide.,3.91
4,1,1,Liza,3.26
4,1,2,was,6.84
4,1,3,in,7.29
4,1,4,a,7.36
4,1,5,bad,5.53
4,1,6,"temper,",3.79
4,1,7,for,7.01
4,1,8,she,6.24
4,1,9,was,6.84
4,1,10,mixing,4.06
4,1,11,the,7.77
4,1,12,Christmas,4.84
4,1,13,puddings,2.66
4,1,14,in,7.29
4,1,15,the,7.77
4,1,16,"kitchen,",4.63
4,1,17,and,7.41
4,1,18,had,6.34
4,1,19,been,6.28
4,1,20,drawn,4.57
4,1,21,from,6.63
4,1,22,"them,",6.19
4,1,23,with,6.85
4,1,24,a,7.36
4,1,25,raisin,3.02
4,1,26,still,5.91
4,1,27,on,6.92
4,1,28,her,6.28
4,1,29,"cheek,",3.97
4,1,30,by,6.68
4,1,31,Nana's,2.21
4,1,32,absurd,3.97
4,1,33,suspicions.,3.55
4,2,1,She,6.24
4,2,2,thought,5.59
4,2,3,the,7.77
4,2,4,best,5.78
4,2,5,way,5.99
4,2,6,of,7.45
4,2,7,getting,5.52
4,2,8,a,7.36
4,2,9,little,5.75
4,2,10,quiet,4.64
4,2,11,was,6.84
4,2,12,to,7.44
4,2,13,take,5.91
4,2,14,Nana,3.5
4,2,15,to,7.44
4,2,16,the,7.77
4,2,17,nursery,3.82
4,2,18,for,7.01
4,2,19,a,7.36
4,2,20,"moment,",5.24
4,2,21,but,6.62
4,2,22,in,7.29
4,2,23,custody,4.3
4,2,24,of,7.45
4,2,25,course.,5.45
5,1,1,Mrs.,4.87
5,1,2,Darling,4.09
5,1,3,quivered,1.83
5,1,4,and,7.41
5,1,5,went,5.52
5,1,6,to,7.44
5,1,7,the,7.77
5,1,8,window.,4.82
5,2,1,It,6.96
5,2,2,was,6.84
5,2,3,securely,3.3
5,2,4,fastened.,3.04
5,3,1,She,6.24
5,3,2,looked,5.09
5,3,3,"out,",6.36
5,3,4,and,7.41
5,3,5,the,7.77
5,3,6,night,5.62
5,3,7,was,6.84
5,3,8,peppered,2.66
5,3,9,with,6.85
5,3,10,stars.,4.83
5,4,1,They,6.51
5,4,2,were,6.37
5,4,3,crowding,3.01
5,4,4,round,5.14
5,4,5,the,7.77
5,4,6,"house,",5.68
5,4,7,as,6.79
5,4,8,if,6.47
5,4,9,curious,4.48
5,4,10,to,7.44
5,4,11,see,6.11
5,4,12,what,6.38
5,4,13,was,6.84
5,4,14,to,7.44
5,4,15,take,5.91
5,4,16,place,5.74
5,4,17,"there,",6.33
5,4,18,but,6.62
5,4,19,she,6.24
5,4,20,did,5.96
5,4,21,not,6.71
5,4,22,notice,4.92
5,4,23,"this,",6.8
5,4,24,nor,4.87
5,4,25,that,7.02
5,4,26,one,6.48
5,4,27,or,6.54
5,4,28,two,6.11
5,4,29,of,7.45
5,4,30,the,7.77
5,4,31,smaller,4.8
5,4,32,ones,5.06
5,4,33,winked,2.73
5,4,34,at,6.69
5,4,35,her.,6.28
6,1,1,Seeing,5.01
6,1,2,Peter,4.9
6,1,3,slowly,4.62
6,1,4,advancing,3.92
6,1,5,upon,5.19
6,1,6,him,6.1
6,1,7,through,5.89
6,1,8,the,7.77
6,1,9,air,5.4
6,1,10,with,6.85
6,1,11,dagger,3.55
6,1,12,"poised,",3.34
6,1,13,he,6.69
6,1,14,sprang,3.15
6,1,15,upon,5.19
6,1,16,the,7.77
6,1,17,bulwarks,2.14
6,1,18,to,7.44
6,1,19,cast,4.73
6,1,20,himself,5.24
6,1,21,into,6.12
6,1,22,the,7.77
6,1,23,sea.,5.14
6,2,1,He,6.69
6,2,2,did,5.96
6,2,3,not,6.71
6,2,4,know,6.11
6,2,5,that,7.02
6,2,6,the,7.77
6,2,7,crocodile,3.5
6,2,8,was,6.84
6,2,9,waiting,5.06
6,2,10,for,7.01
6,2,11,him;,6.1
6,2,12,for,7.01
6,2,13,we,6.5
6,2,14,purposely,3.39
6,2,15,stopped,4.83
6,2,16,the,7.77
6,2,17,clock,4.41
6,2,18,that,7.02
6,2,19,this,6.8
6,2,20,knowledge,5.04
6,2,21,might,5.65
6,2,22,be,6.8
6,2,23,spared,3.67
6,2,24,him:,6.1
6,2,25,a,7.36
6,2,26,little,5.75
6,2,27,mark,5.03
6,2,28,of,7.45
6,2,29,respect,5.07
6,2,30,from,6.63
6,2,31,us,6.01
6,2,32,at,6.69
6,2,33,the,7.77
6,2,34,end.,5.69
7,1,1,Dorothy,3.74
7,1,2,didn't,5.62
7,1,3,know.,6.11
7,2,1,She,6.24
7,2,2,looked,5.09
7,2,3,around,5.73
7,2,4,her,6.28
7,2,5,anxiously,3.01
7,2,6,for,7.01
7,2,7,some,6.19
7,2,8,familiar,4.6
7,2,9,landmark;,3.88
7,2,10,but,6.62
7,2,11,everything,5.53
7,2,12,was,6.84
7,2,13,strange.,4.65
7,3,1,Between,5.82
7,3,2,the,7.77
7,3,3,branches,4.28
7,3,4,of,7.45
7,3,5,the,7.77
7,3,6,many,5.92
7,3,7,roads,4.52
7,3,8,were,6.37
7,3,9,green,5.09
7,3,10,meadows,3.57
7,3,11,and,7.41
7,3,12,a,7.36
7,3,13,few,5.57
7,3,14,shrubs,3.36
7,3,15,and,7.41
7,3,16,"trees,",4.72
7,3,17,but,6.62
7,3,18,she,6.24
7,3,19,couldn't,5.02
7,3,20,see,6.11
7,3,21,the,7.77
7,3,22,farm-house,4.71
7,3,23,from,6.63
7,3,24,which,6.34
7,3,25,she,6.24
7,3,26,had,6.34
7,3,27,just,6.41
7,3,28,"come,",5.78
7,3,29,or,6.54
7,3,30,anything,5.54
7,3,31,she,6.24
7,3,32,had,6.34
7,3,33,ever,5.65
7,3,34,seen,5.52
7,3,35,"before,",5.93
7,3,36,except,5.02
7,3,37,the,7.77
7,3,38,shaggy,3.2
7,3,39,man,5.84
7,3,40,and,7.41
7,3,41,Toto.,3.13
8,1,1,The,7.77
8,1,2,human,5.4
8,1,3,body,5.4
8,1,4,can,6.45
8,1,5,tolerate,3.85
8,1,6,only,6.14
8,1,7,a,7.36
8,1,8,small,5.52
8,1,9,range,5.12
8,1,10,of,7.45
8,1,11,"temperature,",4.68
8,1,12,especially,5.22
8,1,13,when,6.36
8,1,14,the,7.77
8,1,15,person,5.56
8,1,16,is,7.06
8,1,17,engaged,4.55
8,1,18,in,7.29
8,1,19,vigorous,3.54
8,1,20,activity.,4.91
8,2,1,Heat,4.85
8,2,2,reactions,4.25
8,2,3,usually,5.16
8,2,4,occur,4.58
8,2,5,when,6.36
8,2,6,large,5.4
8,2,7,amounts,4.46
8,2,8,of,7.45
8,2,9,water,5.54
8,2,10,or,6.54
8,2,11,salt,4.58
8,2,12,are,6.74
8,2,13,lost,5.39
8,2,14,through,5.89
8,2,15,excessive,4.17
8,2,16,sweating,3.64
8,2,17,following,5.52
8,2,18,strenuous,3.1
8,2,19,exercise.,4.72
8,3,1,When,6.36
8,3,2,the,7.77
8,3,3,body,5.4
8,3,4,becomes,4.84
8,3,5,overheated,2.85
8,3,6,and,7.41
8,3,7,cannot,5.12
8,3,8,eliminate,4.14
8,3,9,this,6.8
8,3,10,excess,4.24
8,3,11,"heat,",4.85
8,3,12,heat,4.85
8,3,13,exhaustion,3.46
8,3,14,and,7.41
8,3,15,heat,4.85
8,3,16,stroke,4.24
8,3,17,are,6.74
8,3,18,possible.,5.39
9,1,1,It,6.96
9,1,2,was,6.84
9,1,3,a,7.36
9,1,4,forbidding,3.1
9,1,5,"challenge,",4.85
9,1,6,and,7.41
9,1,7,it,6.96
9,1,8,says,5.45
9,1,9,much,6.0
9,1,10,for,7.01
9,1,11,Winstanley's,0.0
9,1,12,persuasive,3.33
9,1,13,"abilities,",4.2
9,1,14,not,6.71
9,1,15,to,7.44
9,1,16,mention,4.74
9,1,17,his,6.52
9,1,18,"self-confidence,",4.57
9,1,19,that,7.02
9,1,20,the,7.77
9,1,21,admiralty,3.37
9,1,22,agreed,4.88
9,1,23,to,7.44
9,1,24,fund,4.79
9,1,25,him.,6.1
9,2,1,No,6.36
9,2,2,lighthouse,3.53
9,2,3,had,6.34
9,2,4,ever,5.65
9,2,5,been,6.28
9,2,6,built,5.06
9,2,7,out,6.36
9,2,8,to,7.44
9,2,9,sea,5.14
9,2,10,on,6.92
9,2,11,an,6.55
9,2,12,isolated,4.27
9,2,13,rock,5.02
9,2,14,before.,5.93
9,3,1,The,7.77
9,3,2,Eddystone,1.6
9,3,3,is,7.06
9,3,4,hard,5.5
9,3,5,enough,5.52
9,3,6,to,7.44
9,3,7,"avoid,",4.89
9,3,8,but,6.62
9,3,9,landing,4.47
9,3,10,on,6.92
9,3,11,it,6.96
9,3,12,is,7.06
9,3,13,a,7.36
9,3,14,separate,4.86
9,3,15,challenge,4.85
9,3,16,entirely.,4.73
10,1,1,A,7.36
10,1,2,clergyman,3.19
10,1,3,remarked,3.61
10,1,4,to,7.44
10,1,5,"him,",6.1
10,1,6,The,7.77
10,1,7,Lord,5.2
10,1,8,is,7.06
10,1,9,on,6.92
10,1,10,our,6.12
10,1,11,side.,5.49
10,2,1,I,7.11
10,2,2,am,5.78
10,2,3,not,6.71
10,2,4,at,6.69
10,2,5,all,6.52
10,2,6,concerned,4.83
10,2,7,about,6.38
10,2,8,"that,",7.02
10,2,9,replied,4.3
10,2,10,Mr.,5.58
10,2,11,Lincoln;,4.25
10,2,12,for,7.01
10,2,13,I,7.11
10,2,14,know,6.11
10,2,15,that,7.02
10,2,16,the,7.77
10,2,17,Lord,5.2
10,2,18,is,7.06
10,2,19,always,5.75
10,2,20,on,6.92
10,2,21,the,7.77
10,2,22,side,5.49
10,2,23,of,7.45
10,2,24,the,7.77
10,2,25,right.,5.96
10,3,1,But,6.62
10,3,2,it,6.96
10,3,3,is,7.06
10,3,4,my,6.56
10,3,5,constant,4.55
10,3,6,anxiety,4.38
10,3,7,and,7.41
10,3,8,prayer,4.46
10,3,9,that,7.02
10,3,10,I,7.11
10,3,11,and,7.41
10,3,12,this,6.8
10,3,13,nation,4.92
10,3,14,should,6.02
10,3,15,be,6.8
10,3,16,on,6.92
10,3,17,the,7.77
10,3,18,Lord's,3.59
10,3,19,side.,5.49
11,1,1,Known,5.4
11,1,2,as,6.79
11,1,3,Rapa,2.11
11,1,4,Nui,2.63
11,1,5,to,7.44
11,1,6,the,7.77
11,1,7,island's,3.42
11,1,8,"inhabitants,",4.27
11,1,9,Rongorongo,0.0
11,1,10,is,7.06
11,1,11,a,7.36
11,1,12,writing,5.06
11,1,13,system,5.58
11,1,14,comprised,3.79
11,1,15,of,7.45
11,1,16,pictographs.,2.03
11,2,1,It,6.96
11,2,2,has,6.37
11,2,3,been,6.28
11,2,4,found,5.7
11,2,5,carved,3.9
11,2,6,into,6.12
11,2,7,many,5.92
11,2,8,oblong,2.81
11,2,9,wooden,4.29
11,2,10,tablets,3.87
11,2,11,and,7.41
11,2,12,other,6.18
11,2,13,artifacts,3.7
11,2,14,from,6.63
11,2,15,the,7.77
11,2,16,island's,3.42
11,2,17,history.,5.39
11,3,1,The,7.77
11,3,2,art,5.27
11,3,3,of,7.45
11,3,4,writing,5.06
11,3,5,was,6.84
11,3,6,not,6.71
11,3,7,known,5.4
11,3,8,in,7.29
11,3,9,any,6.04
11,3,10,nearby,4.54
11,3,11,islands,4.54
11,3,12,and,7.41
11,3,13,the,7.77
11,3,14,script's,1.88
11,3,15,mere,4.15
11,3,16,existence,4.62
11,3,17,is,7.06
11,3,18,sufficient,4.53
11,3,19,to,7.44
11,3,20,confound,2.68
11,3,21,anthropologists.,3.04
12,1,1,Some,6.19
12,1,2,months,5.34
12,1,3,"later,",5.52
12,1,4,Michael,5.1
12,1,5,Larson,3.2
12,1,6,saw,5.36
12,1,7,another,5.74
12,1,8,opportunity,4.92
12,1,9,to,7.44
12,1,10,stack,4.0
12,1,11,the,7.77
12,1,12,odds,4.21
12,1,13,in,7.29
12,1,14,his,6.52
12,1,15,favor,4.59
12,1,16,with,6.85
12,1,17,a,7.36
12,1,18,dash,3.95
12,1,19,of,7.45
12,1,20,ingenuity.,3.24
12,2,1,He,6.69
12,2,2,walked,4.65
12,2,3,into,6.12
12,2,4,his,6.52
12,2,5,bank,5.15
12,2,6,one,6.48
12,2,7,day,5.93
12,2,8,and,7.41
12,2,9,asked,5.29
12,2,10,to,7.44
12,2,11,withdraw,4.07
12,2,12,his,6.52
12,2,13,entire,5.05
12,2,14,account,5.22
12,2,15,"balance,",4.75
12,2,16,but,6.62
12,2,17,with,6.85
12,2,18,an,6.55
12,2,19,unusual,4.47
12,2,20,stipulation:,2.91
12,2,21,He,6.69
12,2,22,wanted,5.32
12,2,23,as,6.79
12,2,24,much,6.0
12,2,25,of,7.45
12,2,26,the,7.77
12,2,27,cash,4.85
12,2,28,as,6.79
12,2,29,possible,5.39
12,2,30,in,7.29
12,2,31,one,6.48
12,2,32,dollar,4.56
12,2,33,notes.,4.87
13,1,1,Bob,4.61
13,1,2,"Murphy,",4.06
13,1,3,the,7.77
13,1,4,Senior,4.89
13,1,5,PGA,3.54
13,1,6,Tour,4.98
13,1,7,money,5.6
13,1,8,leader,4.94
13,1,9,with,6.85
13,1,10,seven,5.08
13,1,11,hundred,4.73
13,1,12,"thousand,",4.69
13,1,13,says,5.45
13,1,14,heat,4.85
13,1,15,shouldn't,4.77
13,1,16,be,6.8
13,1,17,a,7.36
13,1,18,factor.,4.73
13,2,1,I,7.11
13,2,2,don't,6.21
13,2,3,think,6.06
13,2,4,you're,5.86
13,2,5,going,5.91
13,2,6,to,7.44
13,2,7,have,6.7
13,2,8,a,7.36
13,2,9,heat,4.85
13,2,10,wave,4.59
13,2,11,I'm,6.24
13,2,12,not,6.71
13,2,13,going,5.91
13,2,14,to,7.44
13,2,15,be,6.8
13,2,16,able,5.42
13,2,17,to,7.44
13,2,18,"handle,",4.75
13,2,19,he,6.69
13,2,20,said.,5.96
13,3,1,Everybody,4.89
13,3,2,treats,3.95
13,3,3,it,6.96
13,3,4,differently.,4.21
13,4,1,My,6.56
13,4,2,son,5.31
13,4,3,"Ronnie,",3.68
13,4,4,his,6.52
13,4,5,"caddie,",2.69
13,4,6,and,7.41
13,4,7,I,7.11
13,4,8,won't,5.28
13,4,9,be,6.8
13,4,10,riding,4.52
13,4,11,carts.,3.38
14,1,1,With,6.85
14,1,2,schools,5.02
14,1,3,still,5.91
14,1,4,"closed,",4.91
14,1,5,cars,4.88
14,1,6,still,5.91
14,1,7,buried,4.42
14,1,8,and,7.41
14,1,9,streets,4.66
14,1,10,still,5.91
14,1,11,blocked,4.31
14,1,12,by,6.68
14,1,13,the,7.77
14,1,14,widespread,4.27
14,1,15,weekend,4.86
14,1,16,"snowstorm,",2.91
14,1,17,officials,4.69
14,1,18,are,6.74
14,1,19,asking,4.92
14,1,20,people,6.23
14,1,21,to,7.44
14,1,22,pick,5.03
14,1,23,up,6.38
14,1,24,a,7.36
14,1,25,shovel,3.45
14,1,26,and,7.41
14,1,27,help,5.71
14,1,28,out.,6.36
14,2,1,In,7.29
14,2,2,"Boston,",4.61
14,2,3,a,7.36
14,2,4,snow,4.71
14,2,5,angel,4.46
14,2,6,campaign,4.92
14,2,7,is,7.06
14,2,8,using,5.47
14,2,9,social,5.45
14,2,10,media,5.19
14,2,11,to,7.44
14,2,12,encourage,4.44
14,2,13,neighbors,4.2
14,2,14,and,7.41
14,2,15,friends,5.41
14,2,16,to,7.44
14,2,17,be,6.8
14,2,18,an,6.55
14,2,19,angel,4.46
14,2,20,and,7.41
14,2,21,help,5.71
14,2,22,dig,4.2
14,2,23,out,6.36
14,2,24,the,7.77
14,2,25,stranded.,3.68
15,1,1,Greg,4.19
15,1,2,"Anderson,",4.27
15,1,3,considered,5.14
15,1,4,a,7.36
15,1,5,key,5.14
15,1,6,witness,4.54
15,1,7,by,6.68
15,1,8,the,7.77
15,1,9,"prosecution,",4.15
15,1,10,vowed,3.37
15,1,11,he,6.69
15,1,12,wouldn't,5.13
15,1,13,testify,3.84
15,1,14,when,6.36
15,1,15,served,4.81
15,1,16,a,7.36
15,1,17,subpoena,3.15
15,1,18,last,5.84
15,1,19,week.,5.51
15,2,1,His,6.52
15,2,2,lawyers,4.43
15,2,3,said,5.96
15,2,4,he,6.69
15,2,5,was,6.84
15,2,6,prepared,4.78
15,2,7,for,7.01
15,2,8,a,7.36
15,2,9,third,5.32
15,2,10,prison,4.81
15,2,11,stay,5.31
15,2,12,to,7.44
15,2,13,maintain,4.65
15,2,14,his,6.52
15,2,15,silence.,4.47
15,3,1,Anderson,4.27
15,3,2,was,6.84
15,3,3,released,5.01
15,3,4,July,5.11
15,3,5,20,6.86
15,3,6,after,6.08
15,3,7,a,7.36
15,3,8,two-week,5.41
15,3,9,stay,5.31
15,3,10,for,7.01
15,3,11,previously,4.83
15,3,12,declining,3.86
15,3,13,to,7.44
15,3,14,testify,3.84
15,3,15,before,5.93
15,3,16,a,7.36
15,3,17,different,5.6
15,3,18,grand,4.9
15,3,19,jury.,4.38
16,1,1,Steam,4.42
16,1,2,sterilization,3.18
16,1,3,is,7.06
16,1,4,limited,5.01
16,1,5,in,7.29
16,1,6,the,7.77
16,1,7,types,4.87
16,1,8,of,7.45
16,1,9,medical,5.12
16,1,10,waste,4.77
16,1,11,it,6.96
16,1,12,can,6.45
16,1,13,"treat,",4.72
16,1,14,but,6.62
16,1,15,is,7.06
16,1,16,appropriate,4.71
16,1,17,for,7.01
16,1,18,laboratory,4.38
16,1,19,cultures,4.23
16,1,20,and,7.41
16,1,21,substances,4.09
16,1,22,contaminated,3.72
16,1,23,with,6.85
16,1,24,infectious,3.83
16,1,25,organisms.,3.99
16,2,1,The,7.77
16,2,2,waste,4.77
16,2,3,is,7.06
16,2,4,subjected,3.99
16,2,5,to,7.44
16,2,6,steam,4.42
16,2,7,in,7.29
16,2,8,a,7.36
16,2,9,"sealed,",4.08
16,2,10,pressurized,2.99
16,2,11,chamber.,4.46
16,3,1,The,7.77
16,3,2,liquid,4.38
16,3,3,that,7.02
16,3,4,may,6.01
16,3,5,form,5.35
16,3,6,is,7.06
16,3,7,drained,3.67
16,3,8,off,5.91
16,3,9,to,7.44
16,3,10,the,7.77
16,3,11,sewer,3.56
16,3,12,or,6.54
16,3,13,sent,5.18
16,3,14,for,7.01
16,3,15,processing.,4.43
17,1,1,Owls,3.4
17,1,2,are,6.74
17,1,3,more,6.35
17,1,4,flexible,4.12
17,1,5,than,6.14
17,1,6,humans,4.59
17,1,7,because,6.01
17,1,8,a,7.36
17,1,9,bird's,3.19
17,1,10,head,5.52
17,1,11,is,7.06
17,1,12,only,6.14
17,1,13,connected,4.66
17,1,14,by,6.68
17,1,15,one,6.48
17,1,16,socket,3.5
17,1,17,pivot.,3.37
17,2,1,People,6.23
17,2,2,have,6.7
17,2,3,"two,",6.11
17,2,4,which,6.34
17,2,5,limits,4.54
17,2,6,our,6.12
17,2,7,ability,4.97
17,2,8,to,7.44
17,2,9,"twist,",4.17
17,2,10,Forsman,1.27
17,2,11,added.,5.17
17,3,1,Owls,3.4
17,3,2,also,6.2
17,3,3,have,6.7
17,3,4,multiple,4.84
17,3,5,"vertebrae,",3.17
17,3,6,the,7.77
17,3,7,small,5.52
17,3,8,bones,4.33
17,3,9,that,7.02
17,3,10,make,6.05
17,3,11,up,6.38
17,3,12,the,7.77
17,3,13,neck,4.61
17,3,14,and,7.41
17,3,15,"spine,",3.85
17,3,16,helping,4.74
17,3,17,them,6.19
17,3,18,achieve,4.58
17,3,19,a,7.36
17,3,20,wide,4.95
17,3,21,range,5.12
17,3,22,of,7.45
17,3,23,motion.,4.57
18,1,1,Even,5.98
18,1,2,in,7.29
18,1,3,the,7.77
18,1,4,same,5.81
18,1,5,"animal,",4.82
18,1,6,not,6.71
18,1,7,all,6.52
18,1,8,bites,3.72
18,1,9,are,6.74
18,1,10,the,7.77
18,1,11,same.,5.81
18,2,1,A,7.36
18,2,2,new,6.25
18,2,3,study,5.29
18,2,4,finds,4.6
18,2,5,that,7.02
18,2,6,because,6.01
18,2,7,the,7.77
18,2,8,force,5.28
18,2,9,in,7.29
18,2,10,a,7.36
18,2,11,muscle,4.45
18,2,12,depends,4.58
18,2,13,on,6.92
18,2,14,how,6.2
18,2,15,much,6.0
18,2,16,it,6.96
18,2,17,is,7.06
18,2,18,"stretched,",3.86
18,2,19,an,6.55
18,2,20,animal's,2.92
18,2,21,bite,4.29
18,2,22,force,5.28
18,2,23,depends,4.58
18,2,24,on,6.92
18,2,25,the,7.77
18,2,26,size,5.13
18,2,27,of,7.45
18,2,28,what,6.38
18,2,29,it,6.96
18,2,30,is,7.06
18,2,31,biting.,3.76
18,3,1,The,7.77
18,3,2,finding,4.82
18,3,3,has,6.37
18,3,4,direct,4.96
18,3,5,implications,4.2
18,3,6,for,7.01
18,3,7,ecology,3.74
18,3,8,and,7.41
18,3,9,evolution.,4.49
19,1,1,"Interestingly,",3.61
19,1,2,the,7.77
19,1,3,heaviest,3.32
19,1,4,isotopes,3.14
19,1,5,physicists,3.38
19,1,6,have,6.7
19,1,7,managed,4.78
19,1,8,to,7.44
19,1,9,synthesize,2.95
19,1,10,so,6.5
19,1,11,far,5.51
19,1,12,don't,6.21
19,1,13,behave,4.03
19,1,14,quite,5.27
19,1,15,like,6.39
19,1,16,science's,2.21
19,1,17,best,5.78
19,1,18,current,5.25
19,1,19,models,4.74
19,1,20,"predict,",4.06
19,1,21,so,6.5
19,1,22,stable,4.5
19,1,23,superheavy,1.64
19,1,24,nuclei,3.2
19,1,25,are,6.74
19,1,26,likely,5.19
19,1,27,to,7.44
19,1,28,be,6.8
19,1,29,full,5.5
19,1,30,of,7.45
19,1,31,surprises.,3.86
19,2,1,Chemists,3.18
19,2,2,cannot,5.12
19,2,3,even,5.98
19,2,4,predict,4.06
19,2,5,with,6.85
19,2,6,any,6.04
19,2,7,certainty,3.95
19,2,8,whether,5.34
19,2,9,these,6.06
19,2,10,materials,4.74
19,2,11,will,6.45
19,2,12,exist,4.79
19,2,13,as,6.79
19,2,14,"gases,",3.88
19,2,15,"liquids,",3.55
19,2,16,or,6.54
19,2,17,solids,3.4
19,2,18,at,6.69
19,2,19,room,5.37
19,2,20,temperature.,4.68
20,1,1,Buck,4.01
20,1,2,did,5.96
20,1,3,not,6.71
20,1,4,like,6.39
20,1,5,"it,",6.96
20,1,6,but,6.62
20,1,7,he,6.69
20,1,8,bore,3.94
20,1,9,up,6.38
20,1,10,well,6.04
20,1,11,to,7.44
20,1,12,the,7.77
20,1,13,"work,",5.95
20,1,14,taking,5.38
20,1,15,pride,4.45
20,1,16,in,7.29
20,1,17,it.,6.96
20,2,1,It,6.96
20,2,2,was,6.84
20,2,3,a,7.36
20,2,4,monotonous,2.9
20,2,5,"life,",5.89
20,2,6,operating,4.73
20,2,7,with,6.85
20,2,8,machine-like,4.89
20,2,9,regularity.,3.09
20,3,1,One,6.48
20,3,2,day,5.93
20,3,3,was,6.84
20,3,4,very,5.98
20,3,5,like,6.39
20,3,6,another.,5.74
20,4,1,At,6.69
20,4,2,a,7.36
20,4,3,certain,5.21
20,4,4,time,6.28
20,4,5,each,5.71
20,4,6,morning,5.33
20,4,7,the,7.77
20,4,8,cooks,3.57
20,4,9,turned,5.09
20,4,10,"out,",6.36
20,4,11,fires,4.16
20,4,12,were,6.37
20,4,13,"built,",5.06
20,4,14,and,7.41
20,4,15,breakfast,4.59
20,4,16,was,6.84
20,4,17,eaten.,4.14
21,1,1,These,6.06
21,1,2,"days,",5.6
21,1,3,neuroscience,3.34
21,1,4,is,7.06
21,1,5,beginning,5.04
21,1,6,to,7.44
21,1,7,catch,4.83
21,1,8,up,6.38
21,1,9,to,7.44
21,1,10,musicians,4.09
21,1,11,who,6.35
21,1,12,practice,5.07
21,1,13,mentally.,4.14
21,2,1,Although,5.36
21,2,2,the,7.77
21,2,3,details,4.89
21,2,4,are,6.74
21,2,5,still,5.91
21,2,6,somewhat,4.56
21,2,7,"elusive,",3.44
21,2,8,the,7.77
21,2,9,key,5.14
21,2,10,to,7.44
21,2,11,the,7.77
21,2,12,success,5.07
21,2,13,of,7.45
21,2,14,mental,4.81
21,2,15,imagery,3.78
21,2,16,as,6.79
21,2,17,a,7.36
21,2,18,rehearsal,3.72
21,2,19,technique,4.45
21,2,20,is,7.06
21,2,21,that,7.02
21,2,22,most,6.0
21,2,23,of,7.45
21,2,24,the,7.77
21,2,25,same,5.81
21,2,26,neurological,3.56
21,2,27,regions,4.6
21,2,28,are,6.74
21,2,29,invoked,3.42
21,2,30,by,6.68
21,2,31,mental,4.81
21,2,32,practice,5.07
21,2,33,as,6.79
21,2,34,by,6.68
21,2,35,real,5.57
21,2,36,practice.,5.07
22,1,1,Not,6.71
22,1,2,only,6.14
22,1,3,smoke,4.73
22,1,4,came,5.52
22,1,5,out,6.36
22,1,6,of,7.45
22,1,7,it.,6.96
22,2,1,There,6.33
22,2,2,came,5.52
22,2,3,also,6.2
22,2,4,children's,4.45
22,2,5,"voices,",4.37
22,2,6,for,7.01
22,2,7,so,6.5
22,2,8,safe,5.02
22,2,9,did,5.96
22,2,10,the,7.77
22,2,11,boys,5.03
22,2,12,feel,5.65
22,2,13,in,7.29
22,2,14,their,6.34
22,2,15,hiding-place,4.26
22,2,16,that,7.02
22,2,17,they,6.51
22,2,18,were,6.37
22,2,19,gaily,2.16
22,2,20,chattering.,2.83
22,3,1,The,7.77
22,3,2,pirates,3.98
22,3,3,listened,4.2
22,3,4,"grimly,",2.49
22,3,5,and,7.41
22,3,6,then,6.07
22,3,7,replaced,4.6
22,3,8,the,7.77
22,3,9,mushroom.,3.59
22,4,1,They,6.51
22,4,2,looked,5.09
22,4,3,around,5.73
22,4,4,them,6.19
22,4,5,and,7.41
22,4,6,noted,4.8
22,4,7,the,7.77
22,4,8,holes,4.3
22,4,9,in,7.29
22,4,10,the,7.77
22,4,11,seven,5.08
22,4,12,trees.,4.72
23,1,1,When,6.36
23,1,2,a,7.36
23,1,3,nucleus,3.63
23,1,4,has,6.37
23,1,5,all,6.52
23,1,6,of,7.45
23,1,7,its,6.21
23,1,8,proton,3.35
23,1,9,shells,3.92
23,1,10,or,6.54
23,1,11,neutron,3.36
23,1,12,shells,3.92
23,1,13,loaded,4.25
23,1,14,to,7.44
23,1,15,full,5.5
23,1,16,"capacity,",4.75
23,1,17,the,7.77
23,1,18,layers,4.09
23,1,19,can,6.45
23,1,20,align,3.56
23,1,21,so,6.5
23,1,22,well,6.04
23,1,23,that,7.02
23,1,24,each,5.71
23,1,25,shell,4.38
23,1,26,can,6.45
23,1,27,spoon,3.85
23,1,28,intimately,3.24
23,1,29,with,6.85
23,1,30,its,6.21
23,1,31,attractive,4.53
23,1,32,"neighbors,",4.2
23,1,33,forming,4.21
23,1,34,a,7.36
23,1,35,more,6.35
23,1,36,compact,4.03
23,1,37,sphere,3.98
23,1,38,that,7.02
23,1,39,fits,4.18
23,1,40,well,6.04
23,1,41,within,5.45
23,1,42,the,7.77
23,1,43,strong,5.23
23,1,44,nuclear,4.77
23,1,45,force's,2.97
23,1,46,area,5.47
23,1,47,of,7.45
23,1,48,influence.,4.82
24,1,1,Hybrid,4.09
24,1,2,vehicles,4.6
24,1,3,have,6.7
24,1,4,a,7.36
24,1,5,halo,3.75
24,1,6,that,7.02
24,1,7,makes,5.43
24,1,8,owners,4.55
24,1,9,feel,5.65
24,1,10,righteous,3.83
24,1,11,and,7.41
24,1,12,their,6.34
24,1,13,neighbors,4.2
24,1,14,feel,5.65
24,1,15,guilty,4.59
24,1,16,for,7.01
24,1,17,not,6.71
24,1,18,doing,5.57
24,1,19,as,6.79
24,1,20,much,6.0
24,1,21,to,7.44
24,1,22,save,5.09
24,1,23,the,7.77
24,1,24,planet.,4.65
24,2,1,They,6.51
24,2,2,also,6.2
24,2,3,cost,5.21
24,2,4,more,6.35
24,2,5,and,7.41
24,2,6,a,7.36
24,2,7,new,6.25
24,2,8,report,5.31
24,2,9,from,6.63
24,2,10,the,7.77
24,2,11,very,5.98
24,2,12,green,5.09
24,2,13,Union,5.15
24,2,14,of,7.45
24,2,15,Concerned,4.83
24,2,16,Scientists,4.52
24,2,17,says,5.45
24,2,18,buyers,3.92
24,2,19,aren't,4.98
24,2,20,always,5.75
24,2,21,getting,5.52
24,2,22,their,6.34
24,2,23,money's,3.03
24,2,24,worth.,5.11
25,1,1,The,7.77
25,1,2,girl's,3.93
25,1,3,feet,4.97
25,1,4,were,6.37
25,1,5,then,6.07
25,1,6,re-wrapped,4.07
25,1,7,even,5.98
25,1,8,tighter,3.56
25,1,9,than,6.14
25,1,10,"before,",5.93
25,1,11,causing,4.52
25,1,12,her,6.28
25,1,13,footprint,3.5
25,1,14,to,7.44
25,1,15,shrink,3.68
25,1,16,further,5.33
25,1,17,as,6.79
25,1,18,the,7.77
25,1,19,bones,4.33
25,1,20,slowly,4.62
25,1,21,fused,3.31
25,1,22,into,6.12
25,1,23,their,6.34
25,1,24,new,6.25
25,1,25,configuration.,4.02
25,2,1,Occasionally,4.38
25,2,2,girls',5.14
25,2,3,feet,4.97
25,2,4,would,6.27
25,2,5,"fester,",2.72
25,2,6,and,7.41
25,2,7,blood,5.14
25,2,8,poisoning,3.83
25,2,9,from,6.63
25,2,10,gangrene,2.67
25,2,11,could,6.08
25,2,12,be,6.8
25,2,13,a,7.36
25,2,14,cause,5.36
25,2,15,for,7.01
25,2,16,"concern,",4.75
25,2,17,but,6.62
25,2,18,an,6.55
25,2,19,estimated,4.64
25,2,20,90%,6.86
25,2,21,survived,4.32
25,2,22,the,7.77
25,2,23,process.,5.28
26,1,1,An,6.55
26,1,2,early,5.45
26,1,3,task,4.7
26,1,4,will,6.45
26,1,5,be,6.8
26,1,6,to,7.44
26,1,7,make,6.05
26,1,8,sure,5.62
26,1,9,the,7.77
26,1,10,newfound,3.01
26,1,11,microbes,3.15
26,1,12,were,6.37
26,1,13,not,6.71
26,1,14,introduced,4.74
26,1,15,while,5.84
26,1,16,drilling,3.84
26,1,17,through,5.89
26,1,18,the,7.77
26,1,19,ice,5.02
26,1,20,into,6.12
26,1,21,the,7.77
26,1,22,"lake,",4.82
26,1,23,which,6.34
26,1,24,involved,5.14
26,1,25,a,7.36
26,1,26,hot-water,4.97
26,1,27,drilling,3.84
26,1,28,technique,4.45
26,1,29,designed,4.96
26,1,30,to,7.44
26,1,31,greatly,4.36
26,1,32,reduce,4.72
26,1,33,or,6.54
26,1,34,eliminate,4.14
26,1,35,any,6.04
26,1,36,contamination,3.72
26,1,37,that,7.02
26,1,38,might,5.65
26,1,39,come,5.78
26,1,40,from,6.63
26,1,41,other,6.18
26,1,42,kerosene-based,3.07
26,1,43,drilling,3.84
26,1,44,"technology,",5.08
26,1,45,Christner,0.0
26,1,46,said.,5.96
27,1,1,Very,5.98
27,1,2,"similar,",5.23
27,1,3,but,6.62
27,1,4,even,5.98
27,1,5,more,6.35
27,1,6,"striking,",4.19
27,1,7,is,7.06
27,1,8,the,7.77
27,1,9,evidence,5.21
27,1,10,from,6.63
27,1,11,athletic,4.03
27,1,12,training.,5.15
27,2,1,As,6.79
27,2,2,with,6.85
27,2,3,rehearsing,3.11
27,2,4,a,7.36
27,2,5,piece,4.97
27,2,6,on,6.92
27,2,7,the,7.77
27,2,8,"piano,",4.28
27,2,9,practicing,3.92
27,2,10,a,7.36
27,2,11,complex,4.89
27,2,12,physical,4.97
27,2,13,task,4.7
27,2,14,in,7.29
27,2,15,the,7.77
27,2,16,mind,5.44
27,2,17,alone,5.18
27,2,18,is,7.06
27,2,19,nearly,4.97
27,2,20,as,6.79
27,2,21,effective,4.85
27,2,22,a,7.36
27,2,23,learning,4.94
27,2,24,strategy,4.73
27,2,25,as,6.79
27,2,26,actually,5.44
27,2,27,physically,4.29
27,2,28,doing,5.57
27,2,29,it.,6.96
27,3,1,But,6.62
27,3,2,it,6.96
27,3,3,doesn't,5.47
27,3,4,stop,5.49
27,3,5,there.,6.33
28,1,1,A,7.36
28,1,2,bill,5.05
28,1,3,was,6.84
28,1,4,drafted,3.92
28,1,5,and,7.41
28,1,6,introduced,4.74
28,1,7,into,6.12
28,1,8,Parliament,4.91
28,1,9,several,5.42
28,1,10,times,5.55
28,1,11,but,6.62
28,1,12,met,5.13
28,1,13,with,6.85
28,1,14,great,5.85
28,1,15,"opposition,",4.68
28,1,16,mostly,4.79
28,1,17,from,6.63
28,1,18,farmers.,4.46
28,2,1,"Eventually,",4.87
28,2,2,in,7.29
28,2,3,"1925,",6.61
28,2,4,it,6.96
28,2,5,was,6.84
28,2,6,decided,5.08
28,2,7,that,7.02
28,2,8,summer,5.21
28,2,9,time,6.28
28,2,10,should,6.02
28,2,11,begin,4.87
28,2,12,on,6.92
28,2,13,the,7.77
28,2,14,day,5.93
28,2,15,following,5.52
28,2,16,the,7.77
28,2,17,third,5.32
28,2,18,Saturday,4.87
28,2,19,in,7.29
28,2,20,April,5.27
28,2,21,and,7.41
28,2,22,close,5.37
28,2,23,after,6.08
28,2,24,the,7.77
28,2,25,first,6.13
28,2,26,Saturday,4.87
28,2,27,in,7.29
28,2,28,October.,5.08
29,1,1,When,6.36
29,1,2,early,5.45
29,1,3,Europeans,3.93
29,1,4,discovered,4.74
29,1,5,Easter,4.09
29,1,6,"Island,",5.03
29,1,7,its,6.21
29,1,8,somewhat,4.56
29,1,9,isolated,4.27
29,1,10,ecosystem,3.7
29,1,11,was,6.84
29,1,12,suffering,4.59
29,1,13,from,6.63
29,1,14,the,7.77
29,1,15,effects,4.96
29,1,16,of,7.45
29,1,17,limited,5.01
29,1,18,natural,5.13
29,1,19,"resources,",4.88
29,1,20,"deforestation,",3.24
29,1,21,and,7.41
29,1,22,overpopulation.,2.74
29,2,1,Over,6.06
29,2,2,the,7.77
29,2,3,following,5.52
29,2,4,years,5.96
29,2,5,the,7.77
29,2,6,island's,3.42
29,2,7,population,5.12
29,2,8,of,7.45
29,2,9,four,5.54
29,2,10,thousand,4.69
29,2,11,or,6.54
29,2,12,so,6.5
29,2,13,was,6.84
29,2,14,slowly,4.62
29,2,15,eroded,3.36
29,2,16,by,6.68
29,2,17,Western,5.03
29,2,18,disease,4.95
29,2,19,and,7.41
29,2,20,deportation,3.48
29,2,21,by,6.68
29,2,22,slave,4.28
29,2,23,traders.,3.92
30,1,1,Binge,3.47
30,1,2,drinking,4.76
30,1,3,may,6.01
30,1,4,not,6.71
30,1,5,necessarily,4.53
30,1,6,kill,5.09
30,1,7,or,6.54
30,1,8,even,5.98
30,1,9,damage,4.89
30,1,10,brain,4.9
30,1,11,"cells,",4.68
30,1,12,as,6.79
30,1,13,commonly,4.4
30,1,14,"thought,",5.59
30,1,15,a,7.36
30,1,16,new,6.25
30,1,17,animal,4.82
30,1,18,study,5.29
30,1,19,suggests.,4.53
30,2,1,But,6.62
30,2,2,it,6.96
30,2,3,can,6.45
30,2,4,block,4.83
30,2,5,key,5.14
30,2,6,receptors,3.59
30,2,7,in,7.29
30,2,8,the,7.77
30,2,9,brain,4.9
30,2,10,and,7.41
30,2,11,trigger,4.21
30,2,12,production,5.19
30,2,13,of,7.45
30,2,14,a,7.36
30,2,15,steroid,3.3
30,2,16,that,7.02
30,2,17,interferes,3.11
30,2,18,with,6.85
30,2,19,brain,4.9
30,2,20,functions,4.59
30,2,21,critical,4.83
30,2,22,to,7.44
30,2,23,learning,4.94
30,2,24,and,7.41
30,2,25,memory.,4.83
31,1,1,When,6.36
31,1,2,preparing,4.35
31,1,3,to,7.44
31,1,4,check,5.28
31,1,5,out,6.36
31,1,6,of,7.45
31,1,7,their,6.34
31,1,8,hotel,4.96
31,1,9,"room,",5.37
31,1,10,some,6.19
31,1,11,frequent,4.3
31,1,12,travelers,3.76
31,1,13,pile,4.07
31,1,14,up,6.38
31,1,15,their,6.34
31,1,16,used,5.82
31,1,17,bath,4.41
31,1,18,towels,3.65
31,1,19,on,6.92
31,1,20,the,7.77
31,1,21,bathroom,4.5
31,1,22,"floor,",4.92
31,1,23,which,6.34
31,1,24,would,6.27
31,1,25,make,6.05
31,1,26,them,6.19
31,1,27,easy,5.25
31,1,28,for,7.01
31,1,29,housekeepers,2.39
31,1,30,to,7.44
31,1,31,spot.,4.85
31,2,1,Other,6.18
31,2,2,travelers,3.76
31,2,3,neatly,3.39
31,2,4,fold,4.05
31,2,5,"them,",6.19
31,2,6,or,6.54
31,2,7,hang,4.6
31,2,8,them,6.19
31,2,9,from,6.63
31,2,10,the,7.77
31,2,11,shower,4.44
31,2,12,curtain,3.82
31,2,13,pole.,4.26
32,1,1,In,7.29
32,1,2,no,6.36
32,1,3,celestial,3.55
32,1,4,"hurry,",4.22
32,1,5,Neptune,3.32
32,1,6,has,6.37
32,1,7,just,6.41
32,1,8,completed,4.86
32,1,9,its,6.21
32,1,10,first,6.13
32,1,11,orbit,4.08
32,1,12,around,5.73
32,1,13,the,7.77
32,1,14,sun,4.99
32,1,15,since,5.77
32,1,16,being,5.94
32,1,17,discovered,4.74
32,1,18,165,6.27
32,1,19,years,5.96
32,1,20,ago,5.37
32,1,21,by,6.68
32,1,22,Earthlings.,2.49
32,2,1,As,6.79
32,2,2,Space.com,1.61
32,2,3,"notes,",4.87
32,2,4,the,7.77
32,2,5,big,5.62
32,2,6,blue-green,4.8
32,2,7,gas,4.97
32,2,8,bag,4.72
32,2,9,is,7.06
32,2,10,the,7.77
32,2,11,only,6.14
32,2,12,planet,4.65
32,2,13,in,7.29
32,2,14,our,6.12
32,2,15,solar,4.49
32,2,16,system,5.58
32,2,17,to,7.44
32,2,18,be,6.8
32,2,19,discovered,4.74
32,2,20,by,6.68
32,2,21,mathematics.,4.14
33,1,1,When,6.36
33,1,2,"attacked,",4.51
33,1,3,a,7.36
33,1,4,skunk's,1.08
33,1,5,natural,5.13
33,1,6,inclination,3.39
33,1,7,is,7.06
33,1,8,to,7.44
33,1,9,turn,5.34
33,1,10,"around,",5.73
33,1,11,lick,3.74
33,1,12,its,6.21
33,1,13,tail,4.35
33,1,14,and,7.41
33,1,15,spray,4.1
33,1,16,a,7.36
33,1,17,noxious,2.9
33,1,18,scent.,3.73
33,2,1,That,7.02
33,2,2,works,5.3
33,2,3,when,6.36
33,2,4,a,7.36
33,2,5,skunk,3.11
33,2,6,faces,4.55
33,2,7,a,7.36
33,2,8,natural,5.13
33,2,9,predator,3.64
33,2,10,in,7.29
33,2,11,the,7.77
33,2,12,"wild,",4.8
33,2,13,but,6.62
33,2,14,it's,6.26
33,2,15,not,6.71
33,2,16,as,6.79
33,2,17,helpful,4.41
33,2,18,when,6.36
33,2,19,faced,4.51
33,2,20,"with,",6.85
33,2,21,let's,5.07
33,2,22,"say,",5.89
33,2,23,an,6.55
33,2,24,oncoming,3.06
33,2,25,car.,5.42
34,1,1,Lady,4.96
34,1,2,Gaga's,2.66
34,1,3,YouTube,4.57
34,1,4,account,5.22
34,1,5,was,6.84
34,1,6,suspended,4.29
34,1,7,Thursday.,4.6
34,2,1,The,7.77
34,2,2,notice,4.92
34,2,3,read,5.49
34,2,4,that,7.02
34,2,5,the,7.77
34,2,6,suspension,4.19
34,2,7,was,6.84
34,2,8,due,5.34
34,2,9,to,7.44
34,2,10,multiple,4.84
34,2,11,or,6.54
34,2,12,severe,4.58
34,2,13,violations,3.96
34,2,14,of,7.45
34,2,15,YouTube's,2.58
34,2,16,copyright,4.24
34,2,17,policy.,5.18
34,3,1,The,7.77
34,3,2,Google,4.77
34,3,3,Inc.-owned,4.4
34,3,4,YouTube,4.57
34,3,5,declined,4.22
34,3,6,to,7.44
34,3,7,comment.,4.82
34,4,1,It's,6.26
34,4,2,YouTube,4.57
34,4,3,policy,5.18
34,4,4,to,7.44
34,4,5,remove,4.68
34,4,6,accounts,4.73
34,4,7,after,6.08
34,4,8,three,5.8
34,4,9,copyright,4.24
34,4,10,violations.,3.96
35,1,1,The,7.77
35,1,2,astronauts,3.49
35,1,3,used,5.82
35,1,4,a,7.36
35,1,5,hefty,3.23
35,1,6,robotic,3.44
35,1,7,arm,4.73
35,1,8,to,7.44
35,1,9,move,5.32
35,1,10,the,7.77
35,1,11,bus-size,4.66
35,1,12,"canister,",3.03
35,1,13,stuffed,3.91
35,1,14,with,6.85
35,1,15,nearly,4.97
35,1,16,three,5.8
35,1,17,tons,4.42
35,1,18,of,7.45
35,1,19,packing,3.97
35,1,20,foam,3.81
35,1,21,and,7.41
35,1,22,other,6.18
35,1,23,space,5.23
35,1,24,station,5.02
35,1,25,refuse.,4.4
35,2,1,It,6.96
35,2,2,was,6.84
35,2,3,the,7.77
35,2,4,last,5.84
35,2,5,job,5.45
35,2,6,shared,4.68
35,2,7,by,6.68
35,2,8,the,7.77
35,2,9,shuttle,3.9
35,2,10,and,7.41
35,2,11,station,5.02
35,2,12,"crews,",3.96
35,2,13,numbering,3.35
35,2,14,ten,5.07
35,2,15,astronauts,3.49
35,2,16,altogether.,4.08
36,1,1,Rich,4.9
36,1,2,investors,4.23
36,1,3,with,6.85
36,1,4,no,6.36
36,1,5,ties,4.3
36,1,6,to,7.44
36,1,7,"farming,",4.25
36,1,8,no,6.36
36,1,9,dirt,4.17
36,1,10,under,5.78
36,1,11,their,6.34
36,1,12,"nails,",4.01
36,1,13,are,6.74
36,1,14,confident,4.38
36,1,15,enough,5.52
36,1,16,to,7.44
36,1,17,wager,3.36
36,1,18,big,5.62
36,1,19,on,6.92
36,1,20,a,7.36
36,1,21,patch,4.13
36,1,22,of,7.45
36,1,23,earth;,5.1
36,1,24,betting,3.85
36,1,25,that,7.02
36,1,26,it's,6.26
36,1,27,a,7.36
36,1,28,smart,4.74
36,1,29,investment,4.88
36,1,30,because,6.01
36,1,31,food,5.42
36,1,32,will,6.45
36,1,33,only,6.14
36,1,34,get,6.26
36,1,35,more,6.35
36,1,36,expensive,4.65
36,1,37,around,5.73
36,1,38,the,7.77
36,1,39,world.,5.92
37,1,1,John,5.35
37,1,2,Thornton,3.46
37,1,3,asked,5.29
37,1,4,little,5.75
37,1,5,of,7.45
37,1,6,man,5.84
37,1,7,or,6.54
37,1,8,nature.,5.07
37,2,1,He,6.69
37,2,2,was,6.84
37,2,3,unafraid,2.65
37,2,4,of,7.45
37,2,5,the,7.77
37,2,6,wild.,4.8
37,3,1,With,6.85
37,3,2,a,7.36
37,3,3,handful,4.05
37,3,4,of,7.45
37,3,5,salt,4.58
37,3,6,and,7.41
37,3,7,a,7.36
37,3,8,rifle,4.17
37,3,9,he,6.69
37,3,10,could,6.08
37,3,11,plunge,3.47
37,3,12,into,6.12
37,3,13,the,7.77
37,3,14,wilderness,3.98
37,3,15,and,7.41
37,3,16,fare,3.92
37,3,17,wherever,4.27
37,3,18,he,6.69
37,3,19,pleased,4.45
37,3,20,and,7.41
37,3,21,as,6.79
37,3,22,long,5.81
37,3,23,as,6.79
37,3,24,he,6.69
37,3,25,pleased.,4.45
38,1,1,All,6.52
38,1,2,that,7.02
38,1,3,the,7.77
38,1,4,brain,4.9
38,1,5,has,6.37
38,1,6,to,7.44
38,1,7,work,5.95
38,1,8,with,6.85
38,1,9,are,6.74
38,1,10,imperfect,3.47
38,1,11,incoming,3.91
38,1,12,electrical,4.39
38,1,13,impulses,3.32
38,1,14,announcing,3.84
38,1,15,that,7.02
38,1,16,things,5.71
38,1,17,are,6.74
38,1,18,happening.,4.73
38,2,1,It,6.96
38,2,2,is,7.06
38,2,3,then,6.07
38,2,4,the,7.77
38,2,5,job,5.45
38,2,6,of,7.45
38,2,7,neurons,3.62
38,2,8,to,7.44
38,2,9,rapidly,4.38
38,2,10,interpret,3.87
38,2,11,these,6.06
38,2,12,signals,4.28
38,2,13,as,6.79
38,2,14,well,6.04
38,2,15,as,6.79
38,2,16,they,6.51
38,2,17,"can,",6.45
38,2,18,and,7.41
38,2,19,suggest,4.75
38,2,20,how,6.2
38,2,21,to,7.44
38,2,22,react.,4.14
39,1,1,That's,5.8
39,1,2,because,6.01
39,1,3,when,6.36
39,1,4,immigrants,4.28
39,1,5,from,6.63
39,1,6,a,7.36
39,1,7,particular,5.08
39,1,8,cultural,4.85
39,1,9,group,5.6
39,1,10,move,5.32
39,1,11,into,6.12
39,1,12,a,7.36
39,1,13,new,6.25
39,1,14,"one,",6.48
39,1,15,they,6.51
39,1,16,bring,5.26
39,1,17,genetic,4.36
39,1,18,diversity,4.26
39,1,19,"that,",7.02
39,1,20,if,6.47
39,1,21,the,7.77
39,1,22,immigrants,4.28
39,1,23,have,6.7
39,1,24,"children,",5.53
39,1,25,get,6.26
39,1,26,mixed,4.62
39,1,27,"around,",5.73
39,1,28,changing,4.77
39,1,29,the,7.77
39,1,30,new,6.25
39,1,31,population's,2.44
39,1,32,gene,4.31
39,1,33,pool.,4.67
39,2,1,But,6.62
39,2,2,the,7.77
39,2,3,new,6.25
39,2,4,population's,2.44
39,2,5,culture,5.06
39,2,6,doesn't,5.47
39,2,7,necessarily,4.53
39,2,8,change.,5.55
40,1,1,Police,5.32
40,1,2,in,7.29
40,1,3,Georgia,4.38
40,1,4,have,6.7
40,1,5,shut,4.8
40,1,6,down,5.87
40,1,7,a,7.36
40,1,8,lemonade,3.4
40,1,9,stand,5.11
40,1,10,run,5.47
40,1,11,by,6.68
40,1,12,three,5.8
40,1,13,girls,5.14
40,1,14,trying,5.43
40,1,15,to,7.44
40,1,16,save,5.09
40,1,17,up,6.38
40,1,18,for,7.01
40,1,19,a,7.36
40,1,20,trip,4.88
40,1,21,to,7.44
40,1,22,a,7.36
40,1,23,water,5.54
40,1,24,"park,",5.1
40,1,25,saying,5.35
40,1,26,they,6.51
40,1,27,didn't,5.62
40,1,28,have,6.7
40,1,29,a,7.36
40,1,30,business,5.53
40,1,31,license,4.46
40,1,32,or,6.54
40,1,33,the,7.77
40,1,34,required,5.03
40,1,35,permits.,3.98
40,2,1,Morningstar,2.7
40,2,2,says,5.45
40,2,3,police,5.32
40,2,4,also,6.2
40,2,5,didn't,5.62
40,2,6,know,6.11
40,2,7,how,6.2
40,2,8,the,7.77
40,2,9,lemonade,3.4
40,2,10,was,6.84
40,2,11,made.,5.92
41,1,1,Research,5.35
41,1,2,showing,4.83
41,1,3,that,7.02
41,1,4,a,7.36
41,1,5,tiny,4.54
41,1,6,European,5.19
41,1,7,river,5.03
41,1,8,bug,4.12
41,1,9,called,5.6
41,1,10,the,7.77
41,1,11,water,5.54
41,1,12,boatman,2.49
41,1,13,may,6.01
41,1,14,be,6.8
41,1,15,the,7.77
41,1,16,loudest,3.18
41,1,17,animal,4.82
41,1,18,on,6.92
41,1,19,earth,5.1
41,1,20,for,7.01
41,1,21,its,6.21
41,1,22,size,5.13
41,1,23,has,6.37
41,1,24,some,6.19
41,1,25,interesting,4.94
41,1,26,sidebars.,1.87
41,2,1,The,7.77
41,2,2,insect,3.75
41,2,3,is,7.06
41,2,4,just,6.41
41,2,5,two,6.11
41,2,6,millimeters,2.97
41,2,7,long,5.81
41,2,8,and,7.41
41,2,9,yet,5.55
41,2,10,produces,4.23
41,2,11,an,6.55
41,2,12,underwater,3.91
41,2,13,call,5.5
41,2,14,that,7.02
41,2,15,has,6.37
41,2,16,been,6.28
41,2,17,measured,4.33
41,2,18,at,6.69
41,2,19,99.2,5.37
41,2,20,decibels.,2.63
42,1,1,There,6.33
42,1,2,often,5.42
42,1,3,seems,5.21
42,1,4,to,7.44
42,1,5,be,6.8
42,1,6,more,6.35
42,1,7,diving,4.02
42,1,8,in,7.29
42,1,9,soccer,4.47
42,1,10,than,6.14
42,1,11,in,7.29
42,1,12,the,7.77
42,1,13,Summer,5.21
42,1,14,Olympics.,4.28
42,2,1,Phantom,3.77
42,2,2,"contact,",5.05
42,2,3,or,6.54
42,2,4,the,7.77
42,2,5,slightest,3.78
42,2,6,"collision,",3.99
42,2,7,can,6.45
42,2,8,lead,5.2
42,2,9,to,7.44
42,2,10,theatrical,3.71
42,2,11,belly,4.06
42,2,12,flops,3.22
42,2,13,and,7.41
42,2,14,exaggerated,3.66
42,2,15,somersaults,2.2
42,2,16,by,6.68
42,2,17,players,5.24
42,2,18,deceptively,2.72
42,2,19,trying,5.43
42,2,20,to,7.44
42,2,21,draw,4.81
42,2,22,fouls,3.16
42,2,23,on,6.92
42,2,24,their,6.34
42,2,25,"opponents,",4.22
42,2,26,kill,5.09
42,2,27,time,6.28
42,2,28,or,6.54
42,2,29,catch,4.83
42,2,30,a,7.36
42,2,31,breather,2.87
42,2,32,when,6.36
42,2,33,tired.,4.68
43,1,1,Proper,4.72
43,1,2,ventilation,3.64
43,1,3,will,6.45
43,1,4,make,6.05
43,1,5,a,7.36
43,1,6,backdraft,1.79
43,1,7,less,5.51
43,1,8,likely.,5.19
43,2,1,Opening,4.92
43,2,2,a,7.36
43,2,3,room,5.37
43,2,4,or,6.54
43,2,5,building,5.28
43,2,6,at,6.69
43,2,7,the,7.77
43,2,8,highest,4.85
43,2,9,point,5.55
43,2,10,allows,4.7
43,2,11,heated,4.03
43,2,12,gases,3.88
43,2,13,and,7.41
43,2,14,smoke,4.73
43,2,15,to,7.44
43,2,16,be,6.8
43,2,17,released,5.01
43,2,18,gradually.,4.28
43,3,1,"However,",5.64
43,3,2,suddenly,4.66
43,3,3,breaking,4.72
43,3,4,a,7.36
43,3,5,window,4.82
43,3,6,or,6.54
43,3,7,opening,4.92
43,3,8,a,7.36
43,3,9,door,5.06
43,3,10,is,7.06
43,3,11,a,7.36
43,3,12,"mistake,",4.66
43,3,13,because,6.01
43,3,14,it,6.96
43,3,15,allows,4.7
43,3,16,oxygen,4.27
43,3,17,to,7.44
43,3,18,rush,4.47
43,3,19,"in,",7.29
43,3,20,causing,4.52
43,3,21,an,6.55
43,3,22,explosion.,4.22
44,1,1,The,7.77
44,1,2,first,6.13
44,1,3,step,5.14
44,1,4,to,7.44
44,1,5,be,6.8
44,1,6,taken,5.37
44,1,7,in,7.29
44,1,8,studying,4.44
44,1,9,the,7.77
44,1,10,history,5.39
44,1,11,of,7.45
44,1,12,our,6.12
44,1,13,country,5.52
44,1,14,is,7.06
44,1,15,to,7.44
44,1,16,form,5.35
44,1,17,some,6.19
44,1,18,clear,5.26
44,1,19,and,7.41
44,1,20,proper,4.72
44,1,21,conception,3.86
44,1,22,of,7.45
44,1,23,the,7.77
44,1,24,characteristics,4.41
44,1,25,and,7.41
44,1,26,condition,4.91
44,1,27,of,7.45
44,1,28,the,7.77
44,1,29,territory,4.71
44,1,30,which,6.34
44,1,31,is,7.06
44,1,32,now,6.18
44,1,33,occupied,4.38
44,1,34,by,6.68
44,1,35,the,7.77
44,1,36,American,5.44
44,1,37,"people,",6.23
44,1,38,as,6.79
44,1,39,it,6.96
44,1,40,existed,4.33
44,1,41,when,6.36
44,1,42,first,6.13
44,1,43,discovered,4.74
44,1,44,and,7.41
44,1,45,explored,3.9
44,1,46,by,6.68
44,1,47,Europeans.,3.93
45,1,1,Susan,4.2
45,1,2,B.,5.4
45,1,3,Anthony,4.38
45,1,4,spent,4.99
45,1,5,nearly,4.97
45,1,6,sixty,3.95
45,1,7,years,5.96
45,1,8,of,7.45
45,1,9,her,6.28
45,1,10,life,5.89
45,1,11,devoted,4.28
45,1,12,to,7.44
45,1,13,the,7.77
45,1,14,cause,5.36
45,1,15,of,7.45
45,1,16,social,5.45
45,1,17,justice,5.01
45,1,18,and,7.41
45,1,19,equality,4.31
45,1,20,for,7.01
45,1,21,all.,6.52
45,2,1,Her,6.28
45,2,2,major,5.33
45,2,3,contributions,4.36
45,2,4,were,6.37
45,2,5,focused,4.61
45,2,6,on,6.92
45,2,7,women's,4.68
45,2,8,rights.,5.2
45,3,1,Her,6.28
45,3,2,primary,4.89
45,3,3,achievement,4.44
45,3,4,lay,4.68
45,3,5,in,7.29
45,3,6,her,6.28
45,3,7,inspiration,4.33
45,3,8,and,7.41
45,3,9,influence,4.82
45,3,10,of,7.45
45,3,11,thousands,4.76
45,3,12,of,7.45
45,3,13,people,6.23
45,3,14,promoting,4.25
45,3,15,the,7.77
45,3,16,right,5.96
45,3,17,of,7.45
45,3,18,women,5.55
45,3,19,to,7.44
45,3,20,vote.,5.07
46,1,1,As,6.79
46,1,2,Earth,5.1
46,1,3,warms,3.13
46,1,4,due,5.34
46,1,5,to,7.44
46,1,6,the,7.77
46,1,7,human-caused,4.79
46,1,8,release,5.08
46,1,9,of,7.45
46,1,10,heat-trapping,3.39
46,1,11,gases,3.88
46,1,12,into,6.12
46,1,13,the,7.77
46,1,14,"atmosphere,",4.49
46,1,15,frozen,4.32
46,1,16,Arctic,4.12
46,1,17,soils,3.71
46,1,18,also,6.2
46,1,19,"warm,",4.72
46,1,20,thaw,3.19
46,1,21,and,7.41
46,1,22,release,5.08
46,1,23,more,6.35
46,1,24,carbon,4.53
46,1,25,dioxide.,3.9
46,2,1,The,7.77
46,2,2,added,5.17
46,2,3,carbon,4.53
46,2,4,dioxide,3.9
46,2,5,accelerates,2.97
46,2,6,Earth's,3.84
46,2,7,"warming,",4.04
46,2,8,which,6.34
46,2,9,further,5.33
46,2,10,accelerates,2.97
46,2,11,the,7.77
46,2,12,thawing,2.7
46,2,13,of,7.45
46,2,14,Arctic,4.12
46,2,15,soils,3.71
46,2,16,and,7.41
46,2,17,the,7.77
46,2,18,release,5.08
46,2,19,of,7.45
46,2,20,even,5.98
46,2,21,more,6.35
46,2,22,carbon,4.53
46,2,23,dioxide.,3.9
47,1,1,"Unfortunately,",4.59
47,1,2,for,7.01
47,1,3,every,5.76
47,1,4,six,5.29
47,1,5,water,5.54
47,1,6,bottles,4.15
47,1,7,we,6.5
47,1,8,"use,",5.83
47,1,9,only,6.14
47,1,10,one,6.48
47,1,11,makes,5.43
47,1,12,it,6.96
47,1,13,to,7.44
47,1,14,the,7.77
47,1,15,recycling,3.72
47,1,16,bin.,4.17
47,2,1,The,7.77
47,2,2,rest,5.22
47,2,3,are,6.74
47,2,4,sent,5.18
47,2,5,to,7.44
47,2,6,landfills,2.73
47,2,7,"or,",6.54
47,2,8,even,5.98
47,2,9,"worse,",4.87
47,2,10,they,6.51
47,2,11,end,5.69
47,2,12,up,6.38
47,2,13,as,6.79
47,2,14,trash,4.21
47,2,15,on,6.92
47,2,16,the,7.77
47,2,17,land,5.3
47,2,18,and,7.41
47,2,19,in,7.29
47,2,20,"rivers,",4.37
47,2,21,"lakes,",4.25
47,2,22,and,7.41
47,2,23,the,7.77
47,2,24,ocean.,4.67
47,3,1,Plastic,4.49
47,3,2,bottles,4.15
47,3,3,take,5.91
47,3,4,many,5.92
47,3,5,hundreds,4.58
47,3,6,of,7.45
47,3,7,years,5.96
47,3,8,to,7.44
47,3,9,disintegrate.,2.87
48,1,1,As,6.79
48,1,2,in,7.29
48,1,3,the,7.77
48,1,4,United,5.45
48,1,5,"States,",5.51
48,1,6,Colombian,3.64
48,1,7,legislation,4.58
48,1,8,requires,4.68
48,1,9,travelers,3.76
48,1,10,entering,4.43
48,1,11,the,7.77
48,1,12,country,5.52
48,1,13,to,7.44
48,1,14,declare,4.09
48,1,15,cash,4.85
48,1,16,in,7.29
48,1,17,excess,4.24
48,1,18,of,7.45
48,1,19,ten,5.07
48,1,20,thousand,4.69
48,1,21,dollars.,4.77
48,2,1,Concealing,3.1
48,2,2,more,6.35
48,2,3,than,6.14
48,2,4,that,7.02
48,2,5,amount,5.14
48,2,6,to,7.44
48,2,7,transport,4.76
48,2,8,it,6.96
48,2,9,into,6.12
48,2,10,or,6.54
48,2,11,out,6.36
48,2,12,of,7.45
48,2,13,the,7.77
48,2,14,country,5.52
48,2,15,is,7.06
48,2,16,a,7.36
48,2,17,crime,4.93
48,2,18,punishable,3.34
48,2,19,by,6.68
48,2,20,up,6.38
48,2,21,to,7.44
48,2,22,five,5.46
48,2,23,years,5.96
48,2,24,in,7.29
48,2,25,prison,4.81
48,2,26,in,7.29
48,2,27,the,7.77
48,2,28,United,5.45
48,2,29,States.,5.51
49,1,1,For,7.01
49,1,2,"centuries,",4.43
49,1,3,time,6.28
49,1,4,was,6.84
49,1,5,measured,4.33
49,1,6,by,6.68
49,1,7,the,7.77
49,1,8,position,5.26
49,1,9,of,7.45
49,1,10,the,7.77
49,1,11,sun,4.99
49,1,12,with,6.85
49,1,13,the,7.77
49,1,14,use,5.83
49,1,15,of,7.45
49,1,16,sundials.,1.85
49,2,1,Noon,4.11
49,2,2,was,6.84
49,2,3,recognized,4.58
49,2,4,when,6.36
49,2,5,the,7.77
49,2,6,sun,4.99
49,2,7,was,6.84
49,2,8,the,7.77
49,2,9,highest,4.85
49,2,10,in,7.29
49,2,11,the,7.77
49,2,12,"sky,",4.72
49,2,13,and,7.41
49,2,14,cities,4.86
49,2,15,would,6.27
49,2,16,set,5.61
49,2,17,their,6.34
49,2,18,clock,4.41
49,2,19,by,6.68
49,2,20,this,6.8
49,2,21,apparent,4.36
49,2,22,solar,4.49
49,2,23,"time,",6.28
49,2,24,even,5.98
49,2,25,though,5.51
49,2,26,some,6.19
49,2,27,cities,4.86
49,2,28,would,6.27
49,2,29,often,5.42
49,2,30,be,6.8
49,2,31,on,6.92
49,2,32,a,7.36
49,2,33,slightly,4.72
49,2,34,different,5.6
49,2,35,time.,6.28
50,1,1,When,6.36
50,1,2,the,7.77
50,1,3,new,6.25
50,1,4,world,5.92
50,1,5,was,6.84
50,1,6,first,6.13
50,1,7,discovered,4.74
50,1,8,it,6.96
50,1,9,was,6.84
50,1,10,found,5.7
50,1,11,to,7.44
50,1,12,"be,",6.8
50,1,13,like,6.39
50,1,14,the,7.77
50,1,15,"old,",5.75
50,1,16,well,6.04
50,1,17,stocked,3.39
50,1,18,with,6.85
50,1,19,plants,4.75
50,1,20,and,7.41
50,1,21,"animals,",4.88
50,1,22,and,7.41
50,1,23,inhabited,3.65
50,1,24,by,6.68
50,1,25,a,7.36
50,1,26,great,5.85
50,1,27,many,5.92
50,1,28,tribes,4.11
50,1,29,and,7.41
50,1,30,nations,4.9
50,1,31,of,7.45
50,1,32,men;,5.5
50,1,33,and,7.41
50,1,34,yet,5.55
50,1,35,the,7.77
50,1,36,plants,4.75
50,1,37,and,7.41
50,1,38,"animals,",4.88
50,1,39,if,6.47
50,1,40,not,6.71
50,1,41,the,7.77
50,1,42,"men,",5.5
50,1,43,were,6.37
50,1,44,all,6.52
50,1,45,essentially,4.44
50,1,46,different,5.6
50,1,47,from,6.63
50,1,48,those,5.91
50,1,49,known,5.4
50,1,50,in,7.29
50,1,51,the,7.77
50,1,52,old,5.75
50,1,53,world.,5.92
51,1,1,American,5.44
51,1,2,industry,5.14
51,1,3,may,6.01
51,1,4,not,6.71
51,1,5,know,6.11
51,1,6,"it,",6.96
51,1,7,but,6.62
51,1,8,debate,4.64
51,1,9,in,7.29
51,1,10,Congress,4.87
51,1,11,over,6.06
51,1,12,reforming,3.36
51,1,13,the,7.77
51,1,14,federal,5.13
51,1,15,government's,4.23
51,1,16,regulatory,4.17
51,1,17,apparatus,3.85
51,1,18,may,6.01
51,1,19,profoundly,3.55
51,1,20,improve,4.77
51,1,21,companies',5.15
51,1,22,ability,4.97
51,1,23,to,7.44
51,1,24,survive.,4.49
51,2,1,This,6.8
51,2,2,week,5.51
51,2,3,the,7.77
51,2,4,Senate,4.61
51,2,5,seems,5.21
51,2,6,poised,3.34
51,2,7,to,7.44
51,2,8,join,4.93
51,2,9,the,7.77
51,2,10,House,5.68
51,2,11,in,7.29
51,2,12,a,7.36
51,2,13,massive,4.65
51,2,14,overhaul,3.57
51,2,15,of,7.45
51,2,16,the,7.77
51,2,17,way,5.99
51,2,18,in,7.29
51,2,19,which,6.34
51,2,20,bureaucrats,3.3
51,2,21,enact,3.44
51,2,22,regulations,4.5
51,2,23,that,7.02
51,2,24,are,6.74
51,2,25,strangling,2.85
51,2,26,the,7.77
51,2,27,life,5.89
51,2,28,out,6.36
51,2,29,of,7.45
51,2,30,companies.,5.15
52,1,1,Stress,4.72
52,1,2,is,7.06
52,1,3,a,7.36
52,1,4,risk,5.11
52,1,5,factor,4.73
52,1,6,for,7.01
52,1,7,both,5.79
52,1,8,depression,4.55
52,1,9,and,7.41
52,1,10,"anxiety,",4.38
52,1,11,he,6.69
52,1,12,says.,5.45
52,2,1,We,6.5
52,2,2,don't,6.21
52,2,3,have,6.7
52,2,4,data,5.31
52,2,5,on,6.92
52,2,6,the,7.77
52,2,7,specific,5.04
52,2,8,causes,4.65
52,2,9,of,7.45
52,2,10,depression,4.55
52,2,11,and,7.41
52,2,12,anxiety,4.38
52,2,13,in,7.29
52,2,14,this,6.8
52,2,15,"sample,",4.53
52,2,16,but,6.62
52,2,17,it,6.96
52,2,18,does,5.76
52,2,19,make,6.05
52,2,20,sense,5.21
52,2,21,scientifically,3.51
52,2,22,that,7.02
52,2,23,the,7.77
52,2,24,Millennials,3.01
52,2,25,who,6.35
52,2,26,report,5.31
52,2,27,higher,5.2
52,2,28,levels,4.97
52,2,29,of,7.45
52,2,30,stress,4.72
52,2,31,in,7.29
52,2,32,their,6.34
52,2,33,lives,5.11
52,2,34,are,6.74
52,2,35,also,6.2
52,2,36,reporting,4.65
52,2,37,higher,5.2
52,2,38,levels,4.97
52,2,39,of,7.45
52,2,40,depression,4.55
52,2,41,and,7.41
52,2,42,anxiety.,4.38
53,1,1,When,6.36
53,1,2,it,6.96
53,1,3,comes,5.31
53,1,4,to,7.44
53,1,5,having,5.56
53,1,6,a,7.36
53,1,7,lasting,4.13
53,1,8,and,7.41
53,1,9,fulfilling,3.72
53,1,10,"relationship,",5.15
53,1,11,common,5.24
53,1,12,wisdom,4.31
53,1,13,says,5.45
53,1,14,that,7.02
53,1,15,feeling,5.11
53,1,16,close,5.37
53,1,17,to,7.44
53,1,18,your,6.48
53,1,19,romantic,4.4
53,1,20,partner,4.82
53,1,21,is,7.06
53,1,22,paramount.,3.72
53,2,1,But,6.62
53,2,2,a,7.36
53,2,3,new,6.25
53,2,4,study,5.29
53,2,5,finds,4.6
53,2,6,that,7.02
53,2,7,it's,6.26
53,2,8,not,6.71
53,2,9,how,6.2
53,2,10,close,5.37
53,2,11,you,6.99
53,2,12,feel,5.65
53,2,13,that,7.02
53,2,14,matters,4.76
53,2,15,"most,",6.0
53,2,16,it's,6.26
53,2,17,whether,5.34
53,2,18,you,6.99
53,2,19,are,6.74
53,2,20,as,6.79
53,2,21,close,5.37
53,2,22,as,6.79
53,2,23,you,6.99
53,2,24,want,6.03
53,2,25,to,7.44
53,2,26,"be,",6.8
53,2,27,even,5.98
53,2,28,if,6.47
53,2,29,that's,5.8
53,2,30,really,5.93
53,2,31,not,6.71
53,2,32,close,5.37
53,2,33,at,6.69
53,2,34,all.,6.52
54,1,1,At,6.69
54,1,2,the,7.77
54,1,3,time,6.28
54,1,4,the,7.77
54,1,5,French,5.26
54,1,6,crown,4.66
54,1,7,secured,4.23
54,1,8,much,6.0
54,1,9,of,7.45
54,1,10,its,6.21
54,1,11,revenue,4.59
54,1,12,by,6.68
54,1,13,issuing,3.8
54,1,14,government,5.68
54,1,15,bonds.,4.28
54,2,1,In,7.29
54,2,2,"1727,",6.61
54,2,3,in,7.29
54,2,4,order,5.51
54,2,5,to,7.44
54,2,6,save,5.09
54,2,7,"money,",5.6
54,2,8,the,7.77
54,2,9,state,5.72
54,2,10,cut,5.21
54,2,11,the,7.77
54,2,12,bonds',4.28
54,2,13,interest,5.23
54,2,14,rate.,5.18
54,3,1,The,7.77
54,3,2,market,5.29
54,3,3,value,5.19
54,3,4,of,7.45
54,3,5,these,6.06
54,3,6,bonds,4.28
54,3,7,"plummeted,",2.8
54,3,8,and,7.41
54,3,9,the,7.77
54,3,10,market,5.29
54,3,11,became,5.2
54,3,12,wary,3.55
54,3,13,of,7.45
54,3,14,French,5.26
54,3,15,credit.,4.95
54,4,1,The,7.77
54,4,2,French,5.26
54,4,3,state,5.72
54,4,4,was,6.84
54,4,5,left,5.63
54,4,6,without,5.7
54,4,7,an,6.55
54,4,8,easy,5.25
54,4,9,way,5.99
54,4,10,of,7.45
54,4,11,raising,4.43
54,4,12,money.,5.6
55,1,1,Voltaire,3.21
55,1,2,himself,5.24
55,1,3,probably,5.34
55,1,4,won,5.16
55,1,5,around,5.73
55,1,6,half,5.41
55,1,7,a,7.36
55,1,8,million,5.34
55,1,9,"livres,",2.89
55,1,10,a,7.36
55,1,11,large,5.4
55,1,12,"fortune,",4.32
55,1,13,which,6.34
55,1,14,he,6.69
55,1,15,then,6.07
55,1,16,made,5.92
55,1,17,even,5.98
55,1,18,larger,4.82
55,1,19,in,7.29
55,1,20,a,7.36
55,1,21,series,5.27
55,1,22,of,7.45
55,1,23,canny,2.85
55,1,24,investments.,4.25
55,2,1,Soon,5.34
55,2,2,Voltaire,3.21
55,2,3,was,6.84
55,2,4,a,7.36
55,2,5,very,5.98
55,2,6,rich,4.9
55,2,7,"man,",5.84
55,2,8,rich,4.9
55,2,9,enough,5.52
55,2,10,to,7.44
55,2,11,become,5.42
55,2,12,a,7.36
55,2,13,moneylender,1.98
55,2,14,to,7.44
55,2,15,the,7.77
55,2,16,powerful,4.84
55,2,17,and,7.41
55,2,18,"famous,",4.87
55,2,19,rich,4.9
55,2,20,enough,5.52
55,2,21,that,7.02
55,2,22,he,6.69
55,2,23,no,6.36
55,2,24,longer,5.19
55,2,25,had,6.34
55,2,26,to,7.44
55,2,27,stake,4.15
55,2,28,his,6.52
55,2,29,financial,5.11
55,2,30,well-being,5.69
55,2,31,on,6.92
55,2,32,that,7.02
55,2,33,most,6.0
55,2,34,unreliable,3.55
55,2,35,and,7.41
55,2,36,detestable,2.5
55,2,37,"profession,",4.17
55,2,38,writing.,5.06
